{"cameraMode":{"drawMode":0,"name":"Shaded","section":"Shading Mode"},"sceneLighting":true,"audioPlay":false,"sceneViewState":{"showFog":false,"showMaterialUpdate":false,"showSkybox":false,"showFlares":false,"showImageEffects":false,"showParticleSystems":false},"in2DMode":false,"pivot":{"x":-0.20999997854232789,"y":1.7300000190734864,"z":4980.0},"rotation":{"x":0.04630133882164955,"y":-0.08828899264335633,"z":0.004108400084078312,"w":0.9950096607208252},"size":21.460540771484376,"orthographic":true}