{"cameraMode":{"drawMode":0,"name":"Shaded","section":"Shading Mode"},"sceneLighting":false,"audioPlay":false,"sceneViewState":{"showFog":true,"showMaterialUpdate":false,"showSkybox":false,"showFlares":true,"showImageEffects":true,"showParticleSystems":true},"in2DMode":false,"pivot":{"x":-3.5199999809265138,"y":1.0,"z":15.369999885559082},"rotation":{"x":0.10820147395133972,"y":-0.13940013945102693,"z":0.015325605869293213,"w":0.9841887950897217},"size":3.949657440185547,"orthographic":true}