{"cameraMode":{"drawMode":0,"name":"Shaded","section":"Shading Mode"},"sceneLighting":true,"audioPlay":false,"sceneViewState":{"showFog":false,"showMaterialUpdate":false,"showSkybox":false,"showFlares":false,"showImageEffects":false,"showParticleSystems":false},"in2DMode":false,"pivot":{"x":2.307572364807129,"y":1.0000009536743165,"z":65.74730682373047},"rotation":{"x":-0.20508678257465363,"y":-0.08298465609550476,"z":0.017454206943511964,"w":-0.9750645756721497},"size":1.0905373096466065,"orthographic":false}