{"cameraMode":{"drawMode":0,"name":"Shaded","section":"Shading Mode"},"sceneLighting":true,"audioPlay":false,"sceneViewState":{"showFog":false,"showMaterialUpdate":false,"showSkybox":false,"showFlares":false,"showImageEffects":false,"showParticleSystems":false},"in2DMode":false,"pivot":{"x":-1.7863101959228516,"y":2.6386611461639406,"z":-496.82269287109377},"rotation":{"x":0.2096332609653473,"y":-0.22073423862457276,"z":0.04864301159977913,"w":0.9513016939163208},"size":8.894758224487305,"orthographic":true}