{"cameraMode":{"drawMode":0,"name":"Shaded","section":"Shading Mode"},"sceneLighting":true,"audioPlay":false,"sceneViewState":{"showFog":false,"showMaterialUpdate":false,"showSkybox":false,"showFlares":false,"showImageEffects":false,"showParticleSystems":false},"in2DMode":false,"pivot":{"x":-0.12508556246757508,"y":3.80732798576355,"z":15.622207641601563},"rotation":{"x":0.04798157513141632,"y":-0.0012023262679576874,"z":0.00005774104647571221,"w":0.998848021030426},"size":10.439681053161621,"orthographic":false}