{"cameraMode":{"drawMode":0,"name":"Shaded","section":"Shading Mode"},"sceneLighting":true,"audioPlay":false,"sceneViewState":{"showFog":false,"showMaterialUpdate":false,"showSkybox":false,"showFlares":false,"showImageEffects":false,"showParticleSystems":false},"in2DMode":false,"pivot":{"x":1.094289779663086,"y":0.7499057054519653,"z":-33.510009765625},"rotation":{"x":0.04630133882164955,"y":-0.08828899264335633,"z":0.004108400084078312,"w":0.9950096607208252},"size":500.1002502441406,"orthographic":true}