{"cameraMode":{"drawMode":0,"name":"Shaded","section":"Shading Mode"},"sceneLighting":true,"audioPlay":false,"sceneViewState":{"showFog":false,"showMaterialUpdate":false,"showSkybox":false,"showFlares":false,"showImageEffects":false,"showParticleSystems":false},"in2DMode":false,"pivot":{"x":1.094290018081665,"y":0.7499057054519653,"z":-15.097208976745606},"rotation":{"x":0.16881364583969117,"y":-0.15891589224338532,"z":0.027588894590735437,"w":0.972362756729126},"size":10.907084465026856,"orthographic":true}